Patient,Model,Dipole,Dist_mm,Angle_deg,Moment,Str_RE,Residual_Variance,Is_Grid,Grid_eq_Source,Total_AMR_steps
122620,german7,dip1,12.7233775881064,38.0598289534524,3.3793555892071e-09,0.155161102698225,0.00733308951477185,1,1,0
