Patient,Model,Dipole,Dist_mm,Angle_deg,Moment,Str_RE,Residual_Variance,Is_Grid,Grid_eq_Source,Total_AMR_steps
122620,german3,dip4,0.20260296343194,1.06423576862356,3.82009166666059e-09,0.0449770833348525,2.01947695409571e-05,1,0,2
