Patient,Model,Dipole,Dist_mm,Angle_deg,Moment,Str_RE,Residual_Variance,Is_Grid,Grid_eq_Source,Total_AMR_steps
128632,swiss7,dip1,2.25779554011546,9.53317104944099,4.46934594657169e-09,0.117336486642924,0.000426942952697694,0,1,4
