Patient,Model,Dipole,Dist_mm,Angle_deg,Moment,Str_RE,Residual_Variance,Is_Grid,Grid_eq_Source,Total_AMR_steps
160123,SimNIBS7,dip4,9.59664298535569,4.65739635720587,3.98746099900484e-09,0.00313475024878887,0.000159293187852093,1,1,0
