Patient,Model,Dipole,Dist_mm,Angle_deg,Moment,Str_RE,Residual_Variance,Is_Grid,Grid_eq_Source,Total_AMR_steps
198451,SimNIBS3,dip2,3.7722110640056,1.83747207948022,4.22261446565859e-09,0.0556536164146486,0.000171194899117158,1,1,5
