Patient,Model,Dipole,Dist_mm,Angle_deg,Moment,Str_RE,Residual_Variance,Is_Grid,Grid_eq_Source,Total_AMR_steps
149337,SimNIBS3,dip4,0.399236053904575,0.505754888363348,3.75723876366929e-09,0.0606903090826774,2.27480744961444e-05,0,1,3
