Patient,Model,Dipole,Dist_mm,Angle_deg,Moment,Str_RE,Residual_Variance,Is_Grid,Grid_eq_Source,Total_AMR_steps
149337,swiss3,dip3,0.168141601113847,0.15792918851938,4.44321900720853e-09,0.110804751802133,1.2112464217121e-05,0,1,0
