Patient,Model,Dipole,Dist_mm,Angle_deg,Moment,Str_RE,Residual_Variance,Is_Grid,Grid_eq_Source,Total_AMR_steps
117122,german3,dip1,2.52144314675191,0.963678126468036,3.98608705947041e-09,0.00347823513239684,0.00031665167303663,0,1,0
