Patient,Model,Dipole,Dist_mm,Angle_deg,Moment,Str_RE,Residual_Variance,Is_Grid,Grid_eq_Source,Total_AMR_steps
149539,SimNIBS7,dip1,27.4845883314213,60.6940979187281,3.77580089007103e-09,0.0560497774822434,0.0106526382431916,1,1,0
