Patient,Model,Dipole,Dist_mm,Angle_deg,Moment,Str_RE,Residual_Variance,Is_Grid,Grid_eq_Source,Total_AMR_steps
149539,swiss7,dip3,1.66963058070179,6.47179894146554,3.01657658609638e-09,0.245855853475906,0.000309076939709557,0,1,0
