Patient,Model,Dipole,Dist_mm,Angle_deg,Moment,Str_RE,Residual_Variance,Is_Grid,Grid_eq_Source,Total_AMR_steps
149539,swiss7,dip4,3.88750196566882,7.92054372837455,4.71175833194265e-09,0.177939582985662,0.0004434005507733,1,1,3
