Patient,Model,Dipole,Dist_mm,Angle_deg,Moment,Str_RE,Residual_Variance,Is_Grid,Grid_eq_Source,Total_AMR_steps
151627,swiss7,dip2,3.60213436703339,4.673725931041,2.46932541849401e-09,0.382668645376497,0.000315068320063257,1,1,2
