Patient,Model,Dipole,Dist_mm,Angle_deg,Moment,Str_RE,Residual_Variance,Is_Grid,Grid_eq_Source,Total_AMR_steps
124422,swiss7,dip4,1.71354775054563,4.00401958399047,4.3722705890631e-09,0.0930676472657748,0.000562616139674756,1,0,0
