Patient,Model,Dipole,Dist_mm,Angle_deg,Moment,Str_RE,Residual_Variance,Is_Grid,Grid_eq_Source,Total_AMR_steps
124422,SimNIBS7,dip4,2.65602402795089,12.9135632342325,2.73036724337485e-09,0.317408189156287,0.0012595774238992,0,1,0
