Patient,Model,Dipole,Dist_mm,Angle_deg,Moment,Str_RE,Residual_Variance,Is_Grid,Grid_eq_Source,Total_AMR_steps
120111,SimNIBS3,dip1,2.10275738571562,6.78131764033398,4.06806770616964e-09,0.0170169265424111,0.000546004392349295,1,1,0
