Patient,Model,Dipole,Dist_mm,Angle_deg,Moment,Str_RE,Residual_Variance,Is_Grid,Grid_eq_Source,Total_AMR_steps
110411,german3,dip4,0.238877117317368,1.21502866884223,3.82272429211058e-09,0.0443189269723555,1.68075094862631e-05,1,1,2
